{"open": [[602.5808751895474, 602.5888788332613, 602.597442333159, 602.605984399599, 602.6168742529499, 602.6159279746153]], "close": [[600.155496314168, 600.1524841550272, 600.0212746027391, 600.0753083478194, 600.0498312178534, 599.9159430328291]], "high": [[602.3507574457126, 602.3458853322463, 602.2416895511942, 602.2204838502603, 602.0199983823495, 601.9041398424106]], "low": [[600.0028129047714, 600.0510387099348, 600.0800202093087, 600.0854737884365, 600.1087393029593, 600.1265574316494]], "weightedAverage": [[601.2190530625081, 601.2555608217514, 601.2928281192577, 601.2971340910441, 601.3256607231593, 601.298918709988]]}