{"open": [[602.5609884360256, 602.593413113189, 602.6577404127838, 602.6525664036544, 602.683430040759, 602.6888219197663]], "close": [[599.9871394997463, 600.0302995098755, 600.0290794571629, 600.0733642628184, 600.0640153692802, 600.0415674758842]], "high": [[602.561755966899, 602.5588314275174, 602.5766730702398, 602.5836485654963, 602.5782894234089, 602.5664704770697]], "low": [[600.005747184623, 599.9827627786435, 600.0271724783815, 600.0910376259126, 600.1190936514176, 600.1333631486632]], "weightedAverage": [[601.2685722656457, 601.27419968172, 601.2603539213447, 601.308308674386, 601.3150309588669, 601.342725033304]]}